benchmark,config,l1i_size,l1d_size,l2_size,l1i_assoc,l1d_assoc,l2_assoc,cache_line,total_inst,il1_misses,dl1_misses,l2_misses,il1_miss_rate,dl1_miss_rate,l2_miss_rate,cpi,cost,eval_cpi_cost
401.bzip2,large_line,128kB,128kB,2MB,2,2,2,128,100000000.0,324.0,1537385.0,1224953.0,2e-06,0.023645,0.806079,1.70473904,3532.8,1.9782901882790696
429.mcf,small_assoc,32kB,32kB,512kB,4,4,4,64,100000000.0,499.0,109143.0,92986.0,4e-06,0.003129,0.848087,1.05307152,998.4,1.1008270889302323
456.hmmer,small_direct,32kB,32kB,512kB,1,1,1,64,100000000.0,7559.0,245606.0,7062.0,5.4e-05,0.004785,0.027895,1.0187209,768.0,1.0542576755813953
458.sjeng,large_line,128kB,128kB,2MB,2,2,2,128,100000000.0,1455.0,4155695.0,4151213.0,1e-05,0.048807,0.998572,3.3250355,3532.8,3.858587708139535
470.lbm,large_line,128kB,128kB,2MB,2,2,2,128,100000000.0,317.0,766868.0,767182.0,2e-06,0.019231,0.999996,1.4296221,3532.8,1.659026576511628
